addr_str,full_type,class,income,expenditure,balance,outflow_ratio,n_incoming_txs,n_outgoing_txs,n_total_txs,top1_income_share,top5_income_share,n_utxos,avg_utxo_value,max_utxo_value,min_utxo_value,std_utxo_value,min_out_tx_value,max_out_tx_value,avg_out_tx_value,std_out_tx_value,min_in_tx_value,max_in_tx_value,avg_in_tx_value,std_in_tx_value,min_in_tx_inputs,max_in_tx_inputs,avg_in_tx_inputs,std_in_tx_inputs,min_in_tx_outputs,max_in_tx_outputs,avg_in_tx_outputs,std_in_tx_outputs,min_out_tx_inputs,max_out_tx_inputs,avg_out_tx_inputs,std_out_tx_inputs,min_out_tx_outputs,max_out_tx_outputs,avg_out_tx_outputs,std_out_tx_outputs,first_tx_block,last_tx_block,min_in_tx_wait,max_in_tx_wait,avg_in_tx_wait,std_in_tx_wait,min_out_tx_wait,max_out_tx_wait,avg_out_tx_wait,std_out_tx_wait,min_input_age,max_input_age,avg_input_age,std_input_age
13jHt4u7VKhTVBzyQiCtzb1cibV7KUgbHU,pubkeyhash,1,61030000,61030000,0,1.0,1,1,2,1.0,1.0,0,0.0,0.0,0.0,0.0,64956139,64956139,64956139.0,0.0,61030000.0,61030000.0,61030000.0,0.0,1.0,1.0,1.0,0.0,1.0,1.0,1.0,0.0,1,1,1.0,0.0,2,2,2.0,0.0,442024,442026,0.0,0.0,0.0,0.0,0.0,0.0,0.0,0.0,2.0,2.0,2.0,0.0
1BaLhCVzLwdbmbfL5Dnnp4TyeP9spmsELp,pubkeyhash,0,10228736,10228736,0,1.0,1,1,2,1.0,1.0,0,0.0,0.0,0.0,0.0,11664927,11664927,11664927.0,0.0,10228736.0,10228736.0,10228736.0,0.0,1.0,1.0,1.0,0.0,2.0,2.0,2.0,0.0,2,2,2.0,0.0,3,3,3.0,0.0,442018,442024,0.0,0.0,0.0,0.0,0.0,0.0,0.0,0.0,6.0,6.0,6.0,0.0
1MS1SV5U8e4cVeFp92WF1hbWsZiYpVxWv2,pubkeyhash,-1,110898536,110898536,0,1.0,2,2,4,0.5502301310812615,1.0,0,0.0,0.0,0.0,0.0,49878820,61019716,55449268.0,5570448.0,683804532.0,1338531140.0,1011167836.0,327363304.0,16.0,21.0,18.5,2.5,2.0,2.0,2.0,0.0,1,1,1.0,0.0,1,1,1.0,0.0,442026,475132,0.0,0.0,0.0,0.0,0.0,0.0,0.0,0.0,801.0,4721.0,2761.0,1960.0
3CGf7LkvYQKaydxNYtgyyxkNLXpwRPbrXs,scripthash/multisig2of3,-1,3021440,3021440,0,1.0,1,1,2,1.0,1.0,0,0.0,0.0,0.0,0.0,10209441,10209441,10209441.0,0.0,3021440.0,3021440.0,3021440.0,0.0,1.0,1.0,1.0,0.0,2.0,2.0,2.0,0.0,1,1,1.0,0.0,2,2,2.0,0.0,442024,443565,0.0,0.0,0.0,0.0,0.0,0.0,0.0,0.0,1541.0,1541.0,1541.0,0.0
1Ce62UjPLrx3GUU325JWswFK8RVri5rUB3,pubkeyhash,-1,7188001,0,7188001,0.0,0,1,1,1.0,1.0,1,7188001.0,7188001.0,7188001.0,0.0,10209441,10209441,10209441.0,0.0,0.0,0.0,0.0,0.0,0.0,0.0,0.0,0.0,0.0,0.0,0.0,0.0,1,1,1.0,0.0,2,2,2.0,0.0,442024,442024,0.0,0.0,0.0,0.0,0.0,0.0,0.0,0.0,0.0,0.0,0.0,0.0
1D6K7YWykRxR8FuvBFD39U4MBDhSEB9s6N,pubkeyhash,-1,64970829,64970829,0,1.0,1,1,2,1.0,1.0,0,0.0,0.0,0.0,0.0,66056719,66056719,66056719.0,0.0,64970829.0,64970829.0,64970829.0,0.0,1.0,1.0,1.0,0.0,2.0,2.0,2.0,0.0,6,6,6.0,0.0,2,2,2.0,0.0,442017,442024,0.0,0.0,0.0,0.0,0.0,0.0,0.0,0.0,7.0,7.0,7.0,0.0
1FZFCTimFFXzBWJYZTZETDxVSeh2R7R6Cr,pubkeyhash,-1,3926139,0,3926139,0.0,0,1,1,1.0,1.0,1,3926139.0,3926139.0,3926139.0,0.0,64956139,64956139,64956139.0,0.0,0.0,0.0,0.0,0.0,0.0,0.0,0.0,0.0,0.0,0.0,0.0,0.0,1,1,1.0,0.0,2,2,2.0,0.0,442024,442024,0.0,0.0,0.0,0.0,0.0,0.0,0.0,0.0,0.0,0.0,0.0,0.0
1Ng7tB7VmA2iAVHx9LQ7Hftr3dqUGwkDYa,pubkeyhash,-1,6886139,6886139,0,1.0,1,1,2,1.0,1.0,0,0.0,0.0,0.0,0.0,70509995,70509995,70509995.0,0.0,11702148.0,11702148.0,11702148.0,0.0,2.0,2.0,2.0,0.0,3.0,3.0,3.0,0.0,3,3,3.0,0.0,2,2,2.0,0.0,442010,442018,0.0,0.0,0.0,0.0,0.0,0.0,0.0,0.0,8.0,8.0,8.0,0.0
1NvtckzpnFpth8cgSuHCMf52mFxJqfuo5S,pubkeyhash,-1,4816009,4816009,0,1.0,1,1,2,1.0,1.0,0,0.0,0.0,0.0,0.0,122718264,122718264,122718264.0,0.0,11702148.0,11702148.0,11702148.0,0.0,2.0,2.0,2.0,0.0,3.0,3.0,3.0,0.0,2,2,2.0,0.0,3,3,3.0,0.0,442015,442018,0.0,0.0,0.0,0.0,0.0,0.0,0.0,0.0,3.0,3.0,3.0,0.0
1JDyNeAqxp2PTkDVx6XacgwKCnH96B6x9h,pubkeyhash,-1,260261,260261,0,1.0,1,1,2,1.0,1.0,0,0.0,0.0,0.0,0.0,11664927,11664927,11664927.0,0.0,2056672.0,2056672.0,2056672.0,0.0,5.0,5.0,5.0,0.0,2.0,2.0,2.0,0.0,2,2,2.0,0.0,3,3,3.0,0.0,442018,442065,0.0,0.0,0.0,0.0,0.0,0.0,0.0,0.0,47.0,47.0,47.0,0.0
17pM8os3eApeA1VisCfz1fCQvdnTahopZL,pubkeyhash,-1,1175930,1175930,0,1.0,1,1,2,1.0,1.0,0,0.0,0.0,0.0,0.0,11664927,11664927,11664927.0,0.0,13484137.0,13484137.0,13484137.0,0.0,3.0,3.0,3.0,0.0,2.0,2.0,2.0,0.0,2,2,2.0,0.0,3,3,3.0,0.0,442018,442021,0.0,0.0,0.0,0.0,0.0,0.0,0.0,0.0,3.0,3.0,3.0,0.0
1LEhfx4jUpPcV8n6AJ3wcuv7Mo4Lu7fj5Z,pubkeyhash,-1,144674859,144674859,0,1.0,2,2,4,0.5525675196960103,1.0,0,0.0,0.0,0.0,0.0,64732231,79942628,72337429.5,7605198.5,1338531140.0,1611363367.0,1474947253.5,136416113.5,21.0,21.0,21.0,0.0,2.0,2.0,2.0,0.0,1,1,1.0,0.0,1,1,1.0,0.0,443761,460186,0.0,0.0,0.0,0.0,0.0,0.0,0.0,0.0,1236.0,2986.0,2111.0,875.0
1K2JaQkR16wwjjWk3huTTdWTTEM9KVeEtn,pubkeyhash,-1,59763943,59763943,0,1.0,1,1,2,1.0,1.0,0,0.0,0.0,0.0,0.0,59763943,59763943,59763943.0,0.0,1338531140.0,1338531140.0,1338531140.0,0.0,21.0,21.0,21.0,0.0,2.0,2.0,2.0,0.0,1,1,1.0,0.0,1,1,1.0,0.0,443488,446747,0.0,0.0,0.0,0.0,0.0,0.0,0.0,0.0,3259.0,3259.0,3259.0,0.0
174bdAoZPmiyrGJHU7HWBFmMyA7Wfbspqv,pubkeyhash,-1,69981125,69981125,0,1.0,1,1,2,1.0,1.0,0,0.0,0.0,0.0,0.0,69981125,69981125,69981125.0,0.0,1338531140.0,1338531140.0,1338531140.0,0.0,21.0,21.0,21.0,0.0,2.0,2.0,2.0,0.0,1,1,1.0,0.0,1,1,1.0,0.0,444088,446747,0.0,0.0,0.0,0.0,0.0,0.0,0.0,0.0,2659.0,2659.0,2659.0,0.0
1DexuoB1vT9dA8MX9rVB9TS2JLHXRvz8Qq,pubkeyhash,-1,57647650,57647650,0,1.0,1,1,2,1.0,1.0,0,0.0,0.0,0.0,0.0,57647650,57647650,57647650.0,0.0,1338531140.0,1338531140.0,1338531140.0,0.0,21.0,21.0,21.0,0.0,2.0,2.0,2.0,0.0,1,1,1.0,0.0,1,1,1.0,0.0,439215,446747,0.0,0.0,0.0,0.0,0.0,0.0,0.0,0.0,7532.0,7532.0,7532.0,0.0
17FBz1PXwd32mz7ZP4msv3kah8L4c1dwsK,pubkeyhash,-1,60975369,60975369,0,1.0,1,1,2,1.0,1.0,0,0.0,0.0,0.0,0.0,60975369,60975369,60975369.0,0.0,1338531140.0,1338531140.0,1338531140.0,0.0,21.0,21.0,21.0,0.0,2.0,2.0,2.0,0.0,1,1,1.0,0.0,1,1,1.0,0.0,436931,446747,0.0,0.0,0.0,0.0,0.0,0.0,0.0,0.0,9816.0,9816.0,9816.0,0.0
1DAoRKucDQTpg7AyQjgVJ6VESeW2XGezXR,pubkeyhash,-1,63725544,63725544,0,1.0,1,1,2,1.0,1.0,0,0.0,0.0,0.0,0.0,63725544,63725544,63725544.0,0.0,1338531140.0,1338531140.0,1338531140.0,0.0,21.0,21.0,21.0,0.0,2.0,2.0,2.0,0.0,1,1,1.0,0.0,1,1,1.0,0.0,444337,446747,0.0,0.0,0.0,0.0,0.0,0.0,0.0,0.0,2410.0,2410.0,2410.0,0.0
17K7Fv3xZWXf1sZhV27FtyfiGUrqsn6GRs,pubkeyhash,-1,55720875,55720875,0,1.0,1,1,2,1.0,1.0,0,0.0,0.0,0.0,0.0,55720875,55720875,55720875.0,0.0,1338531140.0,1338531140.0,1338531140.0,0.0,21.0,21.0,21.0,0.0,2.0,2.0,2.0,0.0,1,1,1.0,0.0,1,1,1.0,0.0,445589,446747,0.0,0.0,0.0,0.0,0.0,0.0,0.0,0.0,1158.0,1158.0,1158.0,0.0
1FRHrK2dCxM47AGgWEfeSyk4CvUUKDKDhS,pubkeyhash,-1,204065461,204065461,0,1.0,3,3,6,0.4882441228013593,1.0,0,0.0,0.0,0.0,0.0,39863165,99633762,68021820.33333333,24523117.75052392,1130224448.0,1846447571.0,1438401053.0,300803801.0862883,17.0,33.0,23.666666666666668,6.79869268479038,2.0,2.0,2.0,0.0,1,1,1.0,0.0,1,1,1.0,0.0,441170,481908,5046.0,35161.0,20103.5,15057.5,2586.0,32716.0,17651.0,15065.0,531.0,5436.0,2986.0,2002.4609858871158
164TZzQ1zQwFqLBZEmgzYixwjtT9smGQKN,pubkeyhash,-1,58010466,58010466,0,1.0,1,1,2,1.0,1.0,0,0.0,0.0,0.0,0.0,58010466,58010466,58010466.0,0.0,1338531140.0,1338531140.0,1338531140.0,0.0,21.0,21.0,21.0,0.0,2.0,2.0,2.0,0.0,1,1,1.0,0.0,1,1,1.0,0.0,446641,446747,0.0,0.0,0.0,0.0,0.0,0.0,0.0,0.0,106.0,106.0,106.0,0.0
1LXxr2u1YDNKBfJaFv3nF8JJ9MjssdKaef,pubkeyhash,-1,65587858,65587858,0,1.0,1,1,2,1.0,1.0,0,0.0,0.0,0.0,0.0,65587858,65587858,65587858.0,0.0,1338531140.0,1338531140.0,1338531140.0,0.0,21.0,21.0,21.0,0.0,2.0,2.0,2.0,0.0,1,1,1.0,0.0,1,1,1.0,0.0,442651,446747,0.0,0.0,0.0,0.0,0.0,0.0,0.0,0.0,4096.0,4096.0,4096.0,0.0
12KDicDPWhfYg9HipacEyLHU2M8L3NtARa,pubkeyhash,-1,144980583,144980583,0,1.0,2,2,4,0.5438643738934337,1.0,0,0.0,0.0,0.0,0.0,66130809,78849774,72490291.5,6359482.5,1338531140.0,2387709696.0,1863120418.0,524589278.0,21.0,30.0,25.5,4.5,2.0,2.0,2.0,0.0,1,1,1.0,0.0,1,1,1.0,0.0,434182,446747,0.0,0.0,0.0,0.0,0.0,0.0,0.0,0.0,3891.0,7090.0,5490.5,1599.5
14LTc6KVmTR2pT9AorewcbgX9DpDTmUkH9,pubkeyhash,-1,249937164,249937164,0,1.0,3,3,6,0.40000688733108936,1.0,0,0.0,0.0,0.0,0.0,69976336,99976587,83312388.0,12471599.385696474,1312510285.0,2688240933.0,1779760786.0,642480300.2653539,15.0,29.0,21.666666666666668,5.734883511361751,2.0,2.0,2.0,0.0,1,1,1.0,0.0,1,1,1.0,0.0,445161,450553,765.0,3041.0,1903.0,1138.0,584.0,2165.0,1374.5,790.5,186.0,2643.0,1471.6666666666667,1006.3188140721386
1KoQkATgEgiS1rCX1P7uLPVBTQnMXLVfoh,pubkeyhash,-1,164735382,164735382,0,1.0,2,2,4,0.6068695248480378,1.0,0,0.0,0.0,0.0,0.0,64762499,99972883,82367691.0,17605192.0,1338531140.0,2428970058.0,1883750599.0,545219459.0,21.0,27.0,24.0,3.0,2.0,2.0,2.0,0.0,1,1,1.0,0.0,1,1,1.0,0.0,438979,446747,0.0,0.0,0.0,0.0,0.0,0.0,0.0,0.0,1671.0,2989.0,2330.0,659.0
19KZGVKkj72dUAVxVxgVKDcrAZ8BUi3xor,pubkeyhash,-1,267369027,267369027,0,1.0,2,2,4,0.7479318874134213,1.0,0,0.0,0.0,0.0,0.0,67395206,199973821,133684513.5,66289307.5,1338531140.0,1435136678.0,1386833909.0,48302769.0,10.0,21.0,15.5,5.5,2.0,2.0,2.0,0.0,1,1,1.0,0.0,1,1,1.0,0.0,436102,446747,0.0,0.0,0.0,0.0,0.0,0.0,0.0,0.0,471.0,4777.0,2624.0,2153.0
1MgQqhF9qVWKpvSmAUxqyPMyUwDihWifbZ,pubkeyhash,-1,61986251,61986251,0,1.0,1,1,2,1.0,1.0,0,0.0,0.0,0.0,0.0,61986251,61986251,61986251.0,0.0,1338531140.0,1338531140.0,1338531140.0,0.0,21.0,21.0,21.0,0.0,2.0,2.0,2.0,0.0,1,1,1.0,0.0,1,1,1.0,0.0,441404,446747,0.0,0.0,0.0,0.0,0.0,0.0,0.0,0.0,5343.0,5343.0,5343.0,0.0
1MZViWg3Btz34QrTCGBm9XVzxWdR4Y6Srz,pubkeyhash,-1,167715420,167715420,0,1.0,2,2,4,0.5961884601904822,1.0,0,0.0,0.0,0.0,0.0,67725422,99989998,83857710.0,16132288.0,1338531140.0,1711091358.0,1524811249.0,186280109.0,21.0,21.0,21.0,0.0,2.0,2.0,2.0,0.0,1,1,1.0,0.0,1,1,1.0,0.0,441985,451835,0.0,0.0,0.0,0.0,0.0,0.0,0.0,0.0,56.0,4762.0,2409.0,2353.0
1Pnw64CW3yiJ794LNceC6dyQFsjFyNqPyX,pubkeyhash,-1,130298306,130298306,0,1.0,2,2,4,0.501229517135856,1.0,0,0.0,0.0,0.0,0.0,64988949,65309357,65149153.0,160204.0,1338531140.0,2216663548.0,1777597344.0,439066204.0,21.0,32.0,26.5,5.5,2.0,2.0,2.0,0.0,1,1,1.0,0.0,1,1,1.0,0.0,437788,446747,0.0,0.0,0.0,0.0,0.0,0.0,0.0,0.0,4806.0,8959.0,6882.5,2076.5
16cEUxCyknGfGUoStZyqzwkFhwC3YSKwZY,pubkeyhash,-1,259350996,259350996,0,1.0,2,2,4,0.7730173359349659,1.0,0,0.0,0.0,0.0,0.0,58868180,200482816,129675498.0,70807318.0,802526590.0,1338531140.0,1070528865.0,268002275.0,11.0,21.0,16.0,5.0,2.0,2.0,2.0,0.0,1,1,1.0,0.0,1,1,1.0,0.0,438938,446747,0.0,0.0,0.0,0.0,0.0,0.0,0.0,0.0,413.0,2161.0,1287.0,874.0
1Ydggts6CEjJ8qtfpjhcQMENMC23igG9z,pubkeyhash,-1,169840596,169840596,0,1.0,3,3,6,0.47086538132496897,1.0,0,0.0,0.0,0.0,0.0,19886790,79972057,56613532.0,26288042.236406513,190942718.0,1468891962.0,999455273.3333334,574176453.7589794,4.0,60.0,28.333333333333332,23.442601296689656,2.0,2.0,2.0,0.0,1,1,1.0,0.0,1,1,1.0,0.0,438998,487919,5787.0,41172.0,23479.5,17692.5,7564.0,24848.0,16206.0,8642.0,185.0,16509.0,6218.666666666667,7312.439279899849
1PZgwXWmDVGVk7EpG6UV4AVA11bpfRPwEb,pubkeyhash,-1,144929662,144929662,0,1.0,2,2,4,0.5516278234334114,1.0,0,0.0,0.0,0.0,0.0,64982428,79947234,72464831.0,7482403.0,1338531140.0,1499706549.0,1419118844.5,80587704.5,18.0,21.0,19.5,1.5,2.0,2.0,2.0,0.0,1,1,1.0,0.0,1,1,1.0,0.0,443541,460528,0.0,0.0,0.0,0.0,0.0,0.0,0.0,0.0,81.0,3206.0,1643.5,1562.5
1NLC5W1qbrv5KzaLxwqdUeFtxNPxeibs6Z,pubkeyhash,-1,1335989787,1335989787,0,1.0,1,1,2,1.0,1.0,0,0.0,0.0,0.0,0.0,1336990000,1336990000,1336990000.0,0.0,1335989787.0,1335989787.0,1335989787.0,0.0,1.0,1.0,1.0,0.0,2.0,2.0,2.0,0.0,21,21,21.0,0.0,2,2,2.0,0.0,446747,446750,0.0,0.0,0.0,0.0,0.0,0.0,0.0,0.0,3.0,3.0,3.0,0.0
1J4MJP5aCiZqKwFeaPNzzapgGDi3FgKjnJ,pubkeyhash,-1,1000213,1000213,0,1.0,1,1,2,1.0,1.0,0,0.0,0.0,0.0,0.0,1336990000,1336990000,1336990000.0,0.0,3000418.0,3000418.0,3000418.0,0.0,3.0,3.0,3.0,0.0,2.0,2.0,2.0,0.0,21,21,21.0,0.0,2,2,2.0,0.0,446747,449951,0.0,0.0,0.0,0.0,0.0,0.0,0.0,0.0,3204.0,3204.0,3204.0,0.0
3FZwXwGwwWebeFwphezocQET4cKMf7V3Bb,scripthash/multisig2of3,-1,2975180,2975180,0,1.0,1,1,2,1.0,1.0,0,0.0,0.0,0.0,0.0,2989328,2989328,2989328.0,0.0,2975180.0,2975180.0,2975180.0,0.0,1.0,1.0,1.0,0.0,2.0,2.0,2.0,0.0,1,1,1.0,0.0,2,2,2.0,0.0,443565,443792,0.0,0.0,0.0,0.0,0.0,0.0,0.0,0.0,227.0,227.0,227.0,0.0
35euqAXNyiRK5Aa4xToJ1DbvWh34Mr7mqU,scripthash/multisig2of3,-1,911052575,911052575,0,1.0,12,2014,2026,0.0380628494464219,0.06622180613451424,0,0.0,0.0,0.0,0.0,10218,205419050,4192170.3212512415,12130042.362397049,20419692.0,200253492.0,80855289.5,70794702.23668915,3.0,286.0,168.25,96.36227218159605,2.0,2.0,2.0,0.0,1,13,1.0134061569016881,0.35417641136761563,1,2,1.9945382323733862,0.07370167380057646,405240,513795,0.0,47774.0,9278.09090909091,14960.832101643067,0.0,1373.0,41.30998509687034,90.58014861463825,222.0,81558.0,27523.222442899703,21128.479338515262
1BJJsDpMow5dfM6s6fJhGcdtjoygBFUk66,pubkeyhash,-1,637053544708,637053544708,0,1.0,29951,39013,68964,0.004212414911261541,0.020353931169072057,0,0.0,0.0,0.0,0.0,71507,1405865793803,10017647200.236742,58483595802.34098,179039.0,3001016420.0,26051493.204801176,83788052.73981774,1.0,36.0,2.1816967713932756,1.3965764931818316,1.0,2.0,1.9982972187906916,0.0412296221843199,1,159,5.83431163970984,6.506759005702291,1,2332,9.781944480045112,21.844593639760905,380641,631300,0.0,7035.0,8.36854757929883,46.88352775070624,0.0,7051.0,6.41238593253358,41.081280744143555,1.0,12928.0,50.94912136321828,189.2581888021898
1MxEiZGrzM5DEnnyvfVaYTua5MJQNE3UmL,pubkeyhash,-1,8092002,8092002,0,1.0,1,1,2,1.0,1.0,0,0.0,0.0,0.0,0.0,13142002,13142002,13142002.0,0.0,66153219.0,66153219.0,66153219.0,0.0,6.0,6.0,6.0,0.0,2.0,2.0,2.0,0.0,1,1,1.0,0.0,2,2,2.0,0.0,441981,442017,0.0,0.0,0.0,0.0,0.0,0.0,0.0,0.0,36.0,36.0,36.0,0.0
16RshGw4Xwco561qkve1c5CB3FZAggw1tc,pubkeyhash,-1,5777011,5777011,0,1.0,1,1,2,1.0,1.0,0,0.0,0.0,0.0,0.0,49977400,49977400,49977400.0,0.0,66153219.0,66153219.0,66153219.0,0.0,6.0,6.0,6.0,0.0,2.0,2.0,2.0,0.0,1,1,1.0,0.0,2,2,2.0,0.0,441986,442017,0.0,0.0,0.0,0.0,0.0,0.0,0.0,0.0,31.0,31.0,31.0,0.0
1Phz1fVpTk6koG8QZPVNibt1jHrgTJQwzC,pubkeyhash,-1,1600912,1600912,0,1.0,1,1,2,1.0,1.0,0,0.0,0.0,0.0,0.0,2733817,2733817,2733817.0,0.0,66153219.0,66153219.0,66153219.0,0.0,6.0,6.0,6.0,0.0,2.0,2.0,2.0,0.0,2,2,2.0,0.0,2,2,2.0,0.0,442007,442017,0.0,0.0,0.0,0.0,0.0,0.0,0.0,0.0,10.0,10.0,10.0,0.0
1JuUbatgCMjErexwcxZNmCeG24XSpB91k8,pubkeyhash,-1,1085890,1085890,0,1.0,1,1,2,1.0,1.0,0,0.0,0.0,0.0,0.0,66056719,66056719,66056719.0,0.0,9185890.0,9185890.0,9185890.0,0.0,2.0,2.0,2.0,0.0,2.0,2.0,2.0,0.0,6,6,6.0,0.0,2,2,2.0,0.0,442017,442038,0.0,0.0,0.0,0.0,0.0,0.0,0.0,0.0,21.0,21.0,21.0,0.0
1BxebSVn1n4YS12FMEAWJuyX6mKy1TagcL,pubkeyhash,-1,1211113182,1211113182,0,1.0,781,981,1762,0.11089105130390696,0.16014661295297503,0,0.0,0.0,0.0,0.0,1897125,86066531154,1895453712.9989805,7242667854.978489,351367.0,5255110733.0,224587124.475032,477399566.4720504,1.0,670.0,81.21895006402049,210.5211312033749,1.0,33.0,2.8130601792573624,2.924729385726674,1,28,3.5739041794087667,3.032930367257529,2,1587,80.7940876656473,156.945812881868,436581,532613,0.0,7725.0,123.11282051282052,476.04155452072274,0.0,6652.0,97.98673469387755,360.2772130349003,3.0,30370.0,3968.7482161060143,6619.9286074239335
1GRbj4zD94ucLBcwqrMUGUD1mVHW8qwodM,pubkeyhash,-1,553089300,553089300,0,1.0,5,5,10,0.634425048540986,1.0,0,0.0,0.0,0.0,0.0,5506072,450893706,200667034.4,169396847.8642061,1081940.0,72806848389.0,14688192639.0,29059983788.310074,1.0,4.0,2.6,1.019803902718557,2.0,2.0,2.0,0.0,1,3,1.4,0.8,2,2,2.0,0.0,363248,475835,7279.0,71433.0,28134.25,25376.79685633118,7262.0,71476.0,28145.0,25396.200749324693,5.0,50.0,18.6,17.141761869772896
15LoXQzR1d9zQ4NW2bRW95sbeJ3tELdq1R,pubkeyhash,-1,2190314623,2190314623,0,1.0,5,5,10,0.8911820870402872,1.0,0,0.0,0.0,0.0,0.0,750758,2093062657,507391014.2,803723917.7521065,7467400.0,2914725407.0,918211209.0,1127603721.9894838,1.0,670.0,269.8,326.7643799437142,1.0,2.0,1.6,0.4898979485566356,1,3,1.6,0.8,2,2,2.0,0.0,368295,478916,274.0,73699.0,27651.25,27897.339751085587,5754.0,49583.0,24470.5,15950.046622188915,12.0,60764.0,15860.2,23564.913243209703
1BqXshF6vvRLRCU2EHfo738Mi7Pim6S4VD,pubkeyhash,-1,1126115162,1126115162,0,1.0,4,4,8,0.8602050950806752,1.0,0,0.0,0.0,0.0,0.0,70509995,1068690000,333442825.25,424643599.80651665,76621330.0,970480500.0,489210733.5,344050368.1894759,2.0,670.0,169.75,288.8203377534207,1.0,2.0,1.75,0.4330127018922193,1,5,2.5,1.6583123951777,2,2,2.0,0.0,384063,478608,26852.0,36506.0,31513.0,3948.2145331782567,15688.0,31181.0,24545.0,6517.04907658878,6.0,20910.0,5253.5,9039.352673173007
17UsKzChgiVAcwv3Ef5PDbpGRRigfBYN1y,pubkeyhash,-1,23134132,23134132,0,1.0,1,1,2,1.0,1.0,0,0.0,0.0,0.0,0.0,35358723,35358723,35358723.0,0.0,122755210.0,122755210.0,122755210.0,0.0,2.0,2.0,2.0,0.0,3.0,3.0,3.0,0.0,1,1,1.0,0.0,2,2,2.0,0.0,442008,442015,0.0,0.0,0.0,0.0,0.0,0.0,0.0,0.0,7.0,7.0,7.0,0.0
1GNd2L4yTv7p2RQhhHia2QiEDMjhCu91vS,pubkeyhash,-1,99621078,99621078,0,1.0,1,1,2,1.0,1.0,0,0.0,0.0,0.0,0.0,627770862,627770862,627770862.0,0.0,122755210.0,122755210.0,122755210.0,0.0,2.0,2.0,2.0,0.0,3.0,3.0,3.0,0.0,2,2,2.0,0.0,3,3,3.0,0.0,442013,442015,0.0,0.0,0.0,0.0,0.0,0.0,0.0,0.0,2.0,2.0,2.0,0.0
1GmAnd6edKB3JYqof7HriprEhSqYr23bT6,pubkeyhash,-1,546942585,546942585,0,1.0,4,4,8,0.3752012105621653,1.0,0,0.0,0.0,0.0,0.0,116324531,327783130,193378790.75,85399009.65677539,100500336.0,205213520.0,141408525.75,40983791.300705574,1.0,5.0,2.5,1.6583123951777,2.0,2.0,2.0,0.0,1,5,2.25,1.6393596310755,2,3,2.5,0.5,442015,442489,112.0,182.0,158.0,32.53715824509981,111.0,182.0,157.66666666666666,33.00841643513902,0.0,1.0,0.25,0.4330127018922193
37kxrsDKq21dCiuh8hwEdriKwnoUMkToMC,scripthash/multisig2of3,-1,6810034,6810034,0,1.0,1,1,2,1.0,1.0,0,0.0,0.0,0.0,0.0,122718264,122718264,122718264.0,0.0,6810034.0,6810034.0,6810034.0,0.0,1.0,1.0,1.0,0.0,3.0,3.0,3.0,0.0,2,2,2.0,0.0,3,3,3.0,0.0,442015,442018,0.0,0.0,0.0,0.0,0.0,0.0,0.0,0.0,3.0,3.0,3.0,0.0
