addr_str,tx_hash,age,sequence_num,value,spent_tx_hash,spent_output_index
13jHt4u7VKhTVBzyQiCtzb1cibV7KUgbHU,c3664e3447032d3a61651df5fa7c6955f57d2f45b86066fb81ac178b610b3d8c,2,4294967295,61030000,2c4ea597723ad67b3e150355fdc16f3331f00238d6b23a637f9b1ae0881f8377,1
1BaLhCVzLwdbmbfL5Dnnp4TyeP9spmsELp,f7b9a2f0cd7d2eb5e9aca6ca5e8b9adb1624c2e707124991fb3ac7e45f9d45ee,6,4294967295,10228736,140a514d4fba88348fcfce39f44e0988968d1b1f70d5b2ba26073a9bf567dbd0,1
1D6K7YWykRxR8FuvBFD39U4MBDhSEB9s6N,2c4ea597723ad67b3e150355fdc16f3331f00238d6b23a637f9b1ae0881f8377,7,4294967295,64970829,b8b75d8c74ea0a41292dd88a6f05e0377f18dd73a5391573afed53a2a339d9e6,0
1Ng7tB7VmA2iAVHx9LQ7Hftr3dqUGwkDYa,140a514d4fba88348fcfce39f44e0988968d1b1f70d5b2ba26073a9bf567dbd0,8,4294967294,6886139,ae373b358b7fe5d7814351484a66147b4eda31d643ac47ef295f2f64b89b10f8,0
1NvtckzpnFpth8cgSuHCMf52mFxJqfuo5S,140a514d4fba88348fcfce39f44e0988968d1b1f70d5b2ba26073a9bf567dbd0,3,4294967294,4816009,eeb55493aefe60c8b15a6341551e8666cf0644032907d3013f1366a39be17bce,0
1LEhfx4jUpPcV8n6AJ3wcuv7Mo4Lu7fj5Z,b4b64333722b37f83ce2403b42f0ccbddf56c899e00d47d57096bee05470c653,2986,4294967294,64732231,480a011020c1d5bb8167cfbb4890437d7b2bc07bb90cb6bf3d5362657a9050a1,0
1K2JaQkR16wwjjWk3huTTdWTTEM9KVeEtn,b4b64333722b37f83ce2403b42f0ccbddf56c899e00d47d57096bee05470c653,3259,4294967294,59763943,29a87ec6448da976bd7d590b44aa30bc79c2664a2b41d0b3141a18ec3e310596,0
174bdAoZPmiyrGJHU7HWBFmMyA7Wfbspqv,b4b64333722b37f83ce2403b42f0ccbddf56c899e00d47d57096bee05470c653,2659,4294967294,69981125,3efb613fa16817989ee82fee3328a3ea945eb46408718b36f6fd85546619ef9a,0
1DexuoB1vT9dA8MX9rVB9TS2JLHXRvz8Qq,b4b64333722b37f83ce2403b42f0ccbddf56c899e00d47d57096bee05470c653,7532,4294967294,57647650,8faa3bf67fe4d0c7db7b1357990e18ff64456048548ba95cb02adaa7e739999b,0
17FBz1PXwd32mz7ZP4msv3kah8L4c1dwsK,b4b64333722b37f83ce2403b42f0ccbddf56c899e00d47d57096bee05470c653,9816,4294967294,60975369,ba5470aa411699ee1cc4bcddb38e15877561b66162539288957fb4b74e67560d,0
1DAoRKucDQTpg7AyQjgVJ6VESeW2XGezXR,b4b64333722b37f83ce2403b42f0ccbddf56c899e00d47d57096bee05470c653,2410,4294967294,63725544,bae7d6819b863dfebf12d306f5fb61b7f2c322c86bd6f37711987a84459fcec3,0
17K7Fv3xZWXf1sZhV27FtyfiGUrqsn6GRs,b4b64333722b37f83ce2403b42f0ccbddf56c899e00d47d57096bee05470c653,1158,4294967294,55720875,41e38e30344be0233914cf43d7e1e86c695a774393008436d9b089a4a0ce8df4,0
1FRHrK2dCxM47AGgWEfeSyk4CvUUKDKDhS,b4b64333722b37f83ce2403b42f0ccbddf56c899e00d47d57096bee05470c653,2991,4294967294,64568534,56ec20e6dc25e4210b245e9f14841b821df5f8956e9cc840967550106def07f6,0
164TZzQ1zQwFqLBZEmgzYixwjtT9smGQKN,b4b64333722b37f83ce2403b42f0ccbddf56c899e00d47d57096bee05470c653,106,4294967294,58010466,c9aa06019e5c02c0ec1fd4e4a4426f7404ee4fff35ba4112259bc802fa46b27d,0
1LXxr2u1YDNKBfJaFv3nF8JJ9MjssdKaef,b4b64333722b37f83ce2403b42f0ccbddf56c899e00d47d57096bee05470c653,4096,4294967294,65587858,c276ec7471678604791b8d01e0e0fdef86febcdc42f314ccab299df5705c2d7f,0
12KDicDPWhfYg9HipacEyLHU2M8L3NtARa,b4b64333722b37f83ce2403b42f0ccbddf56c899e00d47d57096bee05470c653,7090,4294967294,66130809,482d78195ca561313e2b006f9ca66e908d934a3a6854977e38c43d79fbc4cee4,0
14LTc6KVmTR2pT9AorewcbgX9DpDTmUkH9,b4b64333722b37f83ce2403b42f0ccbddf56c899e00d47d57096bee05470c653,1586,4294967294,69976336,18f257bb3ee4b8d3a5733f63b27de65328d1fedd50e981698df8e33f3d74d2aa,0
1MS1SV5U8e4cVeFp92WF1hbWsZiYpVxWv2,b4b64333722b37f83ce2403b42f0ccbddf56c899e00d47d57096bee05470c653,4721,4294967294,61019716,c3664e3447032d3a61651df5fa7c6955f57d2f45b86066fb81ac178b610b3d8c,0
1KoQkATgEgiS1rCX1P7uLPVBTQnMXLVfoh,b4b64333722b37f83ce2403b42f0ccbddf56c899e00d47d57096bee05470c653,2989,4294967294,64762499,62da8a07740c71c48f4c3c432a84dd9199c9747121b289bef5198737c5099636,0
19KZGVKkj72dUAVxVxgVKDcrAZ8BUi3xor,b4b64333722b37f83ce2403b42f0ccbddf56c899e00d47d57096bee05470c653,4777,4294967294,67395206,839e4a4a27b3c7e8133ba95fa9ad1621ed581b1cd6ddced2cf8612b94c92a236,0
1MgQqhF9qVWKpvSmAUxqyPMyUwDihWifbZ,b4b64333722b37f83ce2403b42f0ccbddf56c899e00d47d57096bee05470c653,5343,4294967294,61986251,277b5f72a84d6c9e1b45cf1dcb0de464233e023a8c2cb036273f113eaff08754,0
1MZViWg3Btz34QrTCGBm9XVzxWdR4Y6Srz,b4b64333722b37f83ce2403b42f0ccbddf56c899e00d47d57096bee05470c653,4762,4294967294,67725422,09c5a8372cae09568eb83d35dd53f2d3857470be9aa6b871cff8708417b47157,0
1Pnw64CW3yiJ794LNceC6dyQFsjFyNqPyX,b4b64333722b37f83ce2403b42f0ccbddf56c899e00d47d57096bee05470c653,8959,4294967294,64988949,abbad7745466ff176eaf7b90afad6dbeb609a46c9cf30744ed283a007308c75d,0
16cEUxCyknGfGUoStZyqzwkFhwC3YSKwZY,b4b64333722b37f83ce2403b42f0ccbddf56c899e00d47d57096bee05470c653,2161,4294967294,58868180,a09d8be475ed8e0a8ee262097ec04e531d54e63eb4f3e0dbc00926c0bb2b241e,0
1Ydggts6CEjJ8qtfpjhcQMENMC23igG9z,b4b64333722b37f83ce2403b42f0ccbddf56c899e00d47d57096bee05470c653,185,4294967294,69981749,5dbda099f90b0ff5da0512df071461c1f9786b48584bcf1aa2bc90fd1b6dfd16,0
1PZgwXWmDVGVk7EpG6UV4AVA11bpfRPwEb,b4b64333722b37f83ce2403b42f0ccbddf56c899e00d47d57096bee05470c653,3206,4294967294,64982428,4637556857051f4f9aa117adba0070f9b730cbd981d1963b7e42261d3d36a128,0
3CGf7LkvYQKaydxNYtgyyxkNLXpwRPbrXs,1167459440ed18a247e363fd314da99e5d2f3ff9ea9b04e3740ae87f01ec55ac,1541,4294967295,3021440,f7b9a2f0cd7d2eb5e9aca6ca5e8b9adb1624c2e707124991fb3ac7e45f9d45ee,0
1BJJsDpMow5dfM6s6fJhGcdtjoygBFUk66,b8b75d8c74ea0a41292dd88a6f05e0377f18dd73a5391573afed53a2a339d9e6,31,4294967294,44300389,6e6fe82200603260ac20dd9b7f7b5f845be70508a8011e0ff6a0711a5a36b879,0
1BJJsDpMow5dfM6s6fJhGcdtjoygBFUk66,b8b75d8c74ea0a41292dd88a6f05e0377f18dd73a5391573afed53a2a339d9e6,10,4294967294,1232905,7f5b11ab097a87250f1d40d752f3cfc083cc436272951d69fe6f7ddb4e7979cd,0
1BJJsDpMow5dfM6s6fJhGcdtjoygBFUk66,b8b75d8c74ea0a41292dd88a6f05e0377f18dd73a5391573afed53a2a339d9e6,36,4294967294,5150000,0473f230c19514fdfc68d9f2203c4a0eea1bd23349fe6790345e181b49c7fef0,1
1MxEiZGrzM5DEnnyvfVaYTua5MJQNE3UmL,b8b75d8c74ea0a41292dd88a6f05e0377f18dd73a5391573afed53a2a339d9e6,36,4294967294,8092002,ec1a726f579f9131ada5ac266868edc70faed620d50299e08c392eb9a2f982e4,0
16RshGw4Xwco561qkve1c5CB3FZAggw1tc,b8b75d8c74ea0a41292dd88a6f05e0377f18dd73a5391573afed53a2a339d9e6,31,4294967294,5777011,164a684465dbf41a84ddc90874c8ddbd58b616f62b8e245b4a9cdf43fcb0655e,1
1Phz1fVpTk6koG8QZPVNibt1jHrgTJQwzC,b8b75d8c74ea0a41292dd88a6f05e0377f18dd73a5391573afed53a2a339d9e6,10,4294967294,1600912,fe69f09187fe5446d8a1cc2aff02b4b0796ae29e9ecaf1b70ba5ec89c6b6a642,1
1BxebSVn1n4YS12FMEAWJuyX6mKy1TagcL,ae373b358b7fe5d7814351484a66147b4eda31d643ac47ef295f2f64b89b10f8,8,4294967295,911622,e87646d78bac9d05bc43532eafd49fa1be2456f30c5f789b7f14ad6d3200a6c2,6
1GRbj4zD94ucLBcwqrMUGUD1mVHW8qwodM,ae373b358b7fe5d7814351484a66147b4eda31d643ac47ef295f2f64b89b10f8,24,4294967295,2450594,87d1486c17db13ad35f765c1e295c6f17ba7221f9db6a4d3494c5c4c14ea4bc7,1
15LoXQzR1d9zQ4NW2bRW95sbeJ3tELdq1R,ae373b358b7fe5d7814351484a66147b4eda31d643ac47ef295f2f64b89b10f8,12,4294967295,67197779,4a5f4e66bf84705c19e9209ed2f851423b28bb67b250d01bb2913e8ee00ea580,1
17UsKzChgiVAcwv3Ef5PDbpGRRigfBYN1y,eeb55493aefe60c8b15a6341551e8666cf0644032907d3013f1366a39be17bce,7,4294967294,23134132,f3df4e41fbf392c20406eedf18e2126ad6a769b57131c8695c4fa87e0261486c,1
1GNd2L4yTv7p2RQhhHia2QiEDMjhCu91vS,eeb55493aefe60c8b15a6341551e8666cf0644032907d3013f1366a39be17bce,2,4294967294,99621078,8b1eb54bf8d5b716b6410297ae51a2b0f4b76b7a22304df3f92a3b890c280abb,1
