tx_hash,addr_str,index,is_spent,value
c3664e3447032d3a61651df5fa7c6955f57d2f45b86066fb81ac178b610b3d8c,1MS1SV5U8e4cVeFp92WF1hbWsZiYpVxWv2,0,True,61019716
f7b9a2f0cd7d2eb5e9aca6ca5e8b9adb1624c2e707124991fb3ac7e45f9d45ee,3CGf7LkvYQKaydxNYtgyyxkNLXpwRPbrXs,0,True,3021440
f7b9a2f0cd7d2eb5e9aca6ca5e8b9adb1624c2e707124991fb3ac7e45f9d45ee,1Ce62UjPLrx3GUU325JWswFK8RVri5rUB3,1,False,7188001
2c4ea597723ad67b3e150355fdc16f3331f00238d6b23a637f9b1ae0881f8377,1FZFCTimFFXzBWJYZTZETDxVSeh2R7R6Cr,0,False,3926139
2c4ea597723ad67b3e150355fdc16f3331f00238d6b23a637f9b1ae0881f8377,13jHt4u7VKhTVBzyQiCtzb1cibV7KUgbHU,1,True,61030000
140a514d4fba88348fcfce39f44e0988968d1b1f70d5b2ba26073a9bf567dbd0,1JDyNeAqxp2PTkDVx6XacgwKCnH96B6x9h,0,True,260261
140a514d4fba88348fcfce39f44e0988968d1b1f70d5b2ba26073a9bf567dbd0,1BaLhCVzLwdbmbfL5Dnnp4TyeP9spmsELp,1,True,10228736
140a514d4fba88348fcfce39f44e0988968d1b1f70d5b2ba26073a9bf567dbd0,17pM8os3eApeA1VisCfz1fCQvdnTahopZL,2,True,1175930
b4b64333722b37f83ce2403b42f0ccbddf56c899e00d47d57096bee05470c653,1NLC5W1qbrv5KzaLxwqdUeFtxNPxeibs6Z,0,True,1335989787
b4b64333722b37f83ce2403b42f0ccbddf56c899e00d47d57096bee05470c653,1J4MJP5aCiZqKwFeaPNzzapgGDi3FgKjnJ,1,True,1000213
1167459440ed18a247e363fd314da99e5d2f3ff9ea9b04e3740ae87f01ec55ac,3FZwXwGwwWebeFwphezocQET4cKMf7V3Bb,0,True,2975180
1167459440ed18a247e363fd314da99e5d2f3ff9ea9b04e3740ae87f01ec55ac,35euqAXNyiRK5Aa4xToJ1DbvWh34Mr7mqU,1,True,14148
b8b75d8c74ea0a41292dd88a6f05e0377f18dd73a5391573afed53a2a339d9e6,1D6K7YWykRxR8FuvBFD39U4MBDhSEB9s6N,0,True,64970829
b8b75d8c74ea0a41292dd88a6f05e0377f18dd73a5391573afed53a2a339d9e6,1JuUbatgCMjErexwcxZNmCeG24XSpB91k8,1,True,1085890
ae373b358b7fe5d7814351484a66147b4eda31d643ac47ef295f2f64b89b10f8,1Ng7tB7VmA2iAVHx9LQ7Hftr3dqUGwkDYa,0,True,6886139
ae373b358b7fe5d7814351484a66147b4eda31d643ac47ef295f2f64b89b10f8,1BqXshF6vvRLRCU2EHfo738Mi7Pim6S4VD,1,True,63623856
eeb55493aefe60c8b15a6341551e8666cf0644032907d3013f1366a39be17bce,1NvtckzpnFpth8cgSuHCMf52mFxJqfuo5S,0,True,4816009
eeb55493aefe60c8b15a6341551e8666cf0644032907d3013f1366a39be17bce,1GmAnd6edKB3JYqof7HriprEhSqYr23bT6,1,True,111092221
eeb55493aefe60c8b15a6341551e8666cf0644032907d3013f1366a39be17bce,37kxrsDKq21dCiuh8hwEdriKwnoUMkToMC,2,True,6810034
