hash,block_height,fee,is_coinbase,locktime,total_size,version
c3664e3447032d3a61651df5fa7c6955f57d2f45b86066fb81ac178b610b3d8c,442026,10284,False,0,192,1
f7b9a2f0cd7d2eb5e9aca6ca5e8b9adb1624c2e707124991fb3ac7e45f9d45ee,442024,19295,False,0,223,1
2c4ea597723ad67b3e150355fdc16f3331f00238d6b23a637f9b1ae0881f8377,442024,14690,False,0,225,1
140a514d4fba88348fcfce39f44e0988968d1b1f70d5b2ba26073a9bf567dbd0,442018,37221,False,442017,408,1
b4b64333722b37f83ce2403b42f0ccbddf56c899e00d47d57096bee05470c653,446747,1541140,False,446746,3178,1
1167459440ed18a247e363fd314da99e5d2f3ff9ea9b04e3740ae87f01ec55ac,443565,32112,False,0,370,1
b8b75d8c74ea0a41292dd88a6f05e0377f18dd73a5391573afed53a2a339d9e6,442017,96500,False,442015,964,1
ae373b358b7fe5d7814351484a66147b4eda31d643ac47ef295f2f64b89b10f8,442010,50000,False,0,519,1
eeb55493aefe60c8b15a6341551e8666cf0644032907d3013f1366a39be17bce,442015,36946,False,441929,404,1
